1703554955,1200,-21.39999962
1703555012,3800,-17.73999977
1703555038,5000,-15.35999966
1703555109,8200,-14.11999989
1703555118,8600,-12.51000023
1703555130,9200,-13.17000008
1703555166,10800,-13.60000038
1703555179,11400,-14.22999954
1703555243,14400,-12.77999973
1703555256,15000,-13.64999962
1703555344,19000,-9.949999809
1703555382,20600,-7.789999962
1703555396,21200,-7.619999886
1703555401,21400,-7.340000153
1703555433,22800,-7.53000021
1703555491,25400,-6.46999979
1703555550,28000,-8.81000042
1703555600,30200,-6.940000057
1703555622,31200,-6.239999771
1703555635,31800,-6.039999962
1703555676,33600,-6.130000114
1703555680,33800,-6.320000172
1703555726,35800,-6.730000019
1703555749,36800,-6.210000038
1703555757,37200,-6.159999847
1703555762,37400,-6.329999924
1703555780,38200,-6.579999924
1703555817,39800,-5.75
1703555851,41400,-5.880000114
1703555856,41600,-5.639999866
1703555877,42600,-5.71999979
1703555926,44800,-5.5
1703555952,46000,-5.570000172
1703555974,47000,-5.159999847
1703555986,47600,-5.579999924
1703556038,50000,-5.570000172
1703556064,51200,-5.070000172
1703556085,52200,-5.099999905
1703556116,53600,-4.639999866
1703556134,54400,-5.070000172
1703556143,54800,-5.079999924
1703556225,58600,-4.730000019
1703556248,59600,-4.599999905
1703556252,59800,-4.670000076
1703556276,60800,-4.820000172
1703556299,61800,-4.820000172
1703556308,62200,-4.670000076
1703556343,63800,-4.25
1703556347,64000,-4.090000153
1703556397,66200,-4.440000057
1703556439,68000,-3.910000086
1703556475,69600,-4.340000153
1703556548,72800,-3.450000048
1703556567,73600,-3.5
1703556612,75600,-3.5
1703556804,84399,-3.480000019
1703556809,84599,-3.660000086
1703556843,86199,-3.75
1703556881,87999,-3.50999999
1703556890,88399,-3.49000001
1703556894,88599,-3.359999895
1703556907,89199,-3.470000029
1703556932,90399,-3.24000001
1703556970,92199,-3.279999971
1703556983,92799,-3.190000057
1703556987,92999,-3.230000019
1703557029,94999,-3.220000029
1703557102,98399,-3.220000029
1703557110,98799,-3.369999886
1703557171,101599,-3.299999952
1703557192,102599,-2.849999905
1703557200,102999,-2.809999943
1703557213,103599,-2.49000001
1703557249,105199,-2.49000001
1703557276,106399,-2.920000076
1703557285,106799,-2.940000057
1703557299,107399,-3.039999962
1703557326,108599,-2.589999914
1703557349,109599,-2.779999971
1703557391,111599,-2.859999895
1703557417,112799,-2.359999895
1703557442,113999,-2.75
1703557460,114799,-3.099999905
1703557485,115999,-2.269999981
1703557494,116399,-2.410000086
1703557507,116999,-2.549999952
1703557516,117399,-2.849999905
1703557520,117597,-2.529999971
1703557541,118570,7.730000019
1703557545,118764,5.940000057
1703557583,120559,-2.230000019
1703557617,122159,-3.410000086
1703557638,123159,-3.049999952
1703557659,124159,-3.150000095
1703557668,124559,-3.279999971
1703557720,126945,0.109999999
1703557749,128308,4.599999905
1703557753,128498,3.99000001
1703557761,128893,3.299999952
1703557769,129285,3.140000105
1703557774,129480,3.049999952
1703557781,129844,9.859999657
1703557830,132125,6.679999828
1703557842,132697,8.06000042
1703557858,133448,16.70000076
1703557871,134042,9.840000153
1703557884,134637,1
1703557901,135423,5.230000019
1703557905,135613,7.650000095
1703557922,136398,5.760000229
1703557943,137376,5.889999866
1703557992,139512,9.920000076
1703558024,140866,10.10999966
1703558059,142416,7.300000191
1703558076,143179,9.300000191
1703558088,143749,11.52999973
1703558093,143941,12.42000008
1703558097,144129,12.25
1703558127,145472,7.070000172
1703558151,146587,17.79000092
1703558163,147151,16.75
1703558180,147905,17.07999992
1703558196,148657,13.77999973
1703558212,149406,14.43000031
1703558216,149588,16.87999916
1703558232,150319,23.12000084
1703558271,152017,19.45999908
1703558288,152767,19.98999977
1703558292,152955,20.29999924
1703558296,153142,21.06999969
1703558304,153525,18.98999977
1703558308,153710,18.98999977
1703558333,154868,12.80000019
1703558349,155617,16.04999924
1703558353,155811,15.31999969
1703558361,156189,15.88000011
1703558381,157116,20.92000008
1703558385,157297,23.36000061
1703558389,157485,23.63999939
1703558405,158224,19.65999985
1703558421,158962,18.38999939
1703558441,159897,19.21999931
1703558445,160078,21.38999939
1703558449,160262,21.39999962
1703558542,164505,19.38999939
1703558558,165233,22.23999977
1703558566,165600,22.95000076
1703558587,166524,25.90999985
1703558685,170902,23.79000092
1703558693,171267,23.45000076
1703558712,172168,26.43000031
1703558720,172532,27.10000038
1703558735,173268,21.45000076
1703558743,173624,21.79000092
1703558774,175091,23.07999992
1703558797,176177,28.79000092
1703558812,176902,26.04000092
1703558839,178166,25.31999969
1703558846,178525,26.75
1703558869,179622,21.46999931
1703558877,179989,23.73999977
1703558889,180533,25.98999977
1703558900,181065,27.07999992
1703558935,182533,25.04000092
1703558939,182717,27.15999985
1703558951,183263,25.44000053
1703558979,184526,26.12999916
1703558991,185075,28.34000015
1703559027,186711,28.20999908
1703559043,187432,27.23999977
1703559056,187968,29.19000053
1703559060,188152,27.43000031
1703559097,189789,27.04000092
1703559101,189971,26.82999992
1703559117,190699,23.57999992
1703559125,191055,26.27000046
1703559129,191234,25.80999947
1703559146,191969,23.72999954
1703559150,192148,25.12999916
1703559162,192691,25.79999924
1703559167,192873,26.38999939
1703559200,194330,26.5
1703559216,195061,26.04000092
1703559224,195433,22.79000092
1703559232,195799,19.65999985
1703559237,195976,23.29000092
1703559272,197584,27.85000038
1703559285,198147,22.95999908
1703559316,199569,26.37999916
1703559324,199927,28.29000092
1703559364,201718,30.01000023
1703559392,202991,26.22999954
1703559443,205324,25.42000008
1703559466,206407,26.80999947
1703559478,206956,25.54999924
1703559487,207315,29.64999962
1703559503,208023,31.54000092
1703559518,208742,30.25
1703559526,209099,29.64999962
1703559546,209997,29.45999908
1703559551,210176,30.97999954
1703559587,211802,27.12999916
1703559610,212866,29.20999908
1703559626,213606,25.54999924
1703559630,213787,24.62000084
1703559670,215586,27.39999962
1703559690,216478,28.60000038
1703559748,219025,27.20999908
1703559756,219382,27.45999908
1703559836,223018,25.89999962
1703559840,223199,26.51000023
1703559856,223925,25.86000061
1703559860,224102,26.80999947
1703559864,224278,27.76000023
1703559940,227489,32.65000153
1703559990,229645,30.78000069
1703559994,229829,28.37000084
1703560019,230911,23.45999908
1703560028,231270,25.18000031
1703560048,232149,32.27999878
1703560057,232523,29.15999985
1703560150,236804,28.42000008
1703560158,237153,29.60000038
1703560197,238930,31.04999924
1703560241,240901,29.48999977
1703560253,241438,32.09000015
1703560266,241977,32.38000107
1703560321,244297,28.35000038
1703560348,245555,28.59000015
1703560370,246637,28.36000061
1703560397,247898,29.21999931
1703560420,248972,30.55999947
1703560458,250766,31.98999977
1703560476,251640,33.18999863
1703560480,251812,34.56999969
1703560491,252339,35.04999924
1703560513,253422,27.10000038
1703560521,253780,29.15999985
1703560532,254322,31.59000015
1703560544,254869,25.01000023
1703560556,255412,28.07999992
1703560559,255592,29.45999908
1703560628,258824,29.76000023
1703560685,261537,24.42000008
1703560742,264246,29.20999908
1703560754,264778,29.37999916
1703560758,264958,29.45000076
1703560765,265322,30.62999916
1703560769,265505,31.28000069
1703560849,269256,29.54000092
1703560853,269439,28.70000076
1703560873,270349,28.03000069
1703560884,270884,29.65999985
1703560900,271607,28.80999947
1703560908,271964,27.31999969
1703560923,272685,28.95000076
1703560939,273421,27.35000038
1703560955,274140,27.69000053
1703561053,278636,27.45000076
1703561057,278811,30.45999908
1703561100,280768,35.08000183
1703561131,282203,33.63999939
1703561135,282376,34.84000015
1703561146,282909,34.29999924
1703561154,283264,34.49000168
1703561158,283447,32.24000168
1703561192,285025,32.31999969
1703561219,286286,29.15999985
1703561276,288935,35.56000137
1703561280,289105,35.65000153
1703561292,289642,32.11999893
1703561365,293022,34.50999832
1703561384,293903,32.40999985
1703561388,294081,32.00999832
1703561396,294437,31.01000023
1703561425,295712,29.78000069
1703561452,296951,33.36000061
1703561456,297129,33.36999893
1703561490,298733,32.90000153
1703561505,299461,33.38000107
1703561513,299823,31.36000061
1703561528,300540,26.37000084
1703561562,302152,33.02000046
1703561589,303401,31.73999977
1703561592,303575,31.87999916
1703561611,304455,35.79999924
1703561642,305905,31.39999962
1703561676,307516,30.72999954
1703561680,307698,32.50999832
1703561695,308422,33.06000137
1703561715,309340,28.04000092
1703561726,309874,29.76000023
1703561733,310238,30.70000076
1703561745,310781,29.51000023
1703561757,311330,28.61000061
1703561772,312042,30.17000008
1703561802,313480,31.81999969
1703561832,314908,32.93999863
1703561847,315630,32.13000107
1703561859,316170,29.25
1703561862,316346,29.19000053
1703561885,317402,34.65000153
1703561919,319022,30.29000092
1703561934,319740,30.68000031
1703561938,319916,30.15999985
1703561942,320102,30.95000076
1703561949,320463,30.03000069
1703561960,320992,34.06000137
1703561987,322244,32.74000168
1703562020,323841,32.43000031
1703562058,325617,32.99000168
1703562073,326317,33.20000076
1703562080,326676,34.11999893
1703562092,327214,32.56000137
1703562111,328110,33.90999985
1703562115,328285,33.34000015
1703562122,328642,33.22000122
1703562126,328824,32.49000168
1703562130,329000,34.25999832
1703562149,329898,32.90000153
1703562201,332388,36.04000092
1703562235,333996,31.86000061
1703562259,335092,29.12999916
1703562288,336341,34.29000092
1703562293,336519,34.18000031
1703562329,338139,30.29999924
1703562357,339394,29.79000092
1703562404,341543,31.03000069
1703562431,342813,32.95999908
1703562439,343172,32.77000046
1703562455,343892,29.52000046
1703562493,345643,34.47999954
1703562496,345820,33.27000046
1703562508,346349,33.68000031
1703562527,347265,25.69000053
1703562543,347981,32.38999939
1703562593,350287,33.27000046
1703562604,350835,31.13999939
1703562627,351917,33.49000168
1703562631,352095,32.24000168
1703562635,352275,31.09000015
1703562697,355153,32.06000137
1703562767,358374,35.34000015
1703562789,359434,34.66999817
1703562817,360700,30.09000015
1703562840,361786,32.79000092
1703562856,362527,29.30999947
1703562864,362891,29.70000076
1703562871,363250,32.66999817
1703562895,364343,30.78000069
1703562906,364893,29.12000084
1703562914,365258,27.04999924
1703562925,365803,26.87999916
1703562937,366346,30.62999916
1703562948,366894,30.82999992
1703562983,368524,32.93999863
1703562991,368885,33.09999847
1703563036,371062,23.95000076
1703563040,371237,26.14999962
1703563044,371409,29.02000046
1703563097,373921,32.18000031
1703563112,374654,29.40999985
1703563128,375383,29.95999908
1703563143,376104,29.38999939
1703563147,376286,30.36000061
1703563158,376825,33.31999969
1703563165,377175,35.11999893
1703563173,377538,33.40999985
1703563204,378974,31.92000008
1703563211,379323,30.05999947
1703563222,379852,30.29000092
1703563234,380391,30.14999962
1703563246,380942,29.47999954
1703563253,381314,26.95000076
1703563265,381862,27.67000008
1703563336,385207,32.63999939
1703563380,387324,32.63999939
1703563384,387503,31.32999992
1703563388,387683,30.93000031
1703563395,388037,30.39999962
1703563399,388213,31.70000076
1703563406,388564,31.64999962
1703563414,388918,33.49000168
1703563429,389624,32.18999863
1703563444,390313,32.97999954
1703563462,391204,32.86999893
1703563470,391550,33.74000168
1703563495,392767,34.65000153
1703563506,393285,32.66999817
1703563525,394156,33.65999985
1703563539,394854,31.62999916
1703563558,395757,30.67000008
1703563566,396117,30.13999939
1703563570,396290,31.09000015
1703563626,398936,32.13999939
1703563637,399446,34.59000015
1703563648,399974,32.45999908
1703563652,400150,31.38999939
1703563667,400869,30.85000038
1703563674,401233,29
1703563693,402127,26.47999954
1703563697,402302,28.07999992
1703563723,403550,30.81999969
1703563727,403731,28.79999924
1703563742,404438,29.47999954
1703563749,404787,33.40000153
1703563757,405147,31.56999969
1703563772,405852,31.21999931
1703563811,407694,27.29000092
1703563819,408068,28.05999947
1703563826,408422,27.77000046
1703563830,408597,28.79000092
1703563845,409335,26.62000084
1703563857,409861,30.21999931
1703563887,411318,27.5
1703563902,412031,27.90999985
1703563958,414656,23.69000053
1703563973,415396,22.04000092
1703563981,415762,21.52000046
1703564001,416727,7.519999981
1703564005,416916,6.53000021
1703564014,417290,11.07999992
1703564022,417664,19.37999916
1703564026,417853,23.31999969
1703564033,418223,27.01000023
1703564041,418591,28.69000053
1703564045,418782,28.10000038
1703564072,420053,29.70999908
1703564084,420596,28.70000076
1703564103,421496,31.93000031
1703564175,424921,31.54999924
1703564214,426764,27.55999947
1703564237,427866,31.96999931
1703564249,428417,28.72999954
1703564260,428961,29.05999947
1703564272,429507,30.12000084
1703564275,429690,32.41999817
1703564279,429872,31.86000061
1703564318,431703,25.76000023
1703564322,431880,26.69000053
1703564325,432060,28.70999908
1703564333,432419,28.87000084
1703564379,434600,28.29000092
1703564383,434786,28.72999954
1703564391,435154,28.67000008
1703564421,436585,31.40999985
1703564456,438224,26.79000092
1703564521,441303,27.93000031
1703564574,443828,30.90999985
1703564589,444547,32.38000107
1703564593,444726,32.68000031
1703564601,445079,35.15000153
1703564631,446532,31.75
1703564639,446901,31.30999947
1703564654,447627,30.93000031
1703564693,449460,30.02000046
1703564725,450944,26.67000008
1703564728,451118,28.95999908
1703564771,453135,28.25
1703564802,454591,29.38999939
1703564825,455677,29.30999947
1703564829,455860,28.90999985
1703564836,456230,30.62000084
1703564844,456595,27.46999931
1703564863,457509,29.10000038
1703564938,461044,26.19000053
1703564961,462137,29.40999985
1703564965,462319,28.52000046
1703565004,464170,29.46999931
1703565012,464535,29.62999916
1703565027,465281,26.32999992
1703565031,465466,26.31999969
1703565075,467527,26.53000069
1703565087,468092,25.09000015
1703565110,469195,25.80999947
1703565130,470120,30.61000061
1703565137,470479,29.79999924
1703565145,470852,28.77000046
1703565153,471228,24.64999962
1703565188,472897,26.73999977
1703565204,473629,27.19000053
1703565219,474361,28.60000038
1703565227,474735,23.37999916
1703565239,475284,24.30999947
1703565273,476894,34.20999908
1703565277,477074,33.09000015
1703565315,478890,31.20000076
1703565323,479255,29.27000046
1703565369,481472,26.32999992
1703565373,481652,27.77000046
1703565377,481843,25.12000084
1703565393,482602,22.92000008
1703565409,483342,26.84000015
1703565432,484456,28.20999908
1703565436,484647,27.07999992
1703565500,487658,22.54000092
1703565512,488222,23.14999962
1703565524,488793,26.23999977
1703565528,488972,26.71999931
1703565559,490472,25.62000084
1703565583,491586,26.93000031
1703565607,492717,23.37999916
1703565627,493659,24.64999962
1703565702,497211,24.23999977
1703565718,497958,26.25
1703565726,498330,27.39999962
1703565745,499269,20.96999931
1703565766,500227,17.52000046
1703565817,502641,24.72999954
1703565832,503383,27.94000053
1703565844,503941,29.95999908
1703565903,506711,29.97999954
1703565945,508709,27.26000023
1703565949,508889,28.68000031
1703565960,509429,29.45000076
1703565983,510535,24.71999931
1703566011,511808,28.23999977
1703566014,511993,26.90999985
1703566018,512171,27.87000084
1703566022,512359,29
1703566026,512548,26.40999985
1703566061,514187,28.27000046
1703566149,518384,27.64999962
1703566153,518569,26.59000015
1703566157,518749,26.28000069
1703566184,520017,28.12999916
1703566226,522003,26.93000031
1703566233,522350,28.04000092
1703566279,524532,28.63999939
1703566283,524705,28.54000092
1703566294,525237,31.59000015
1703566302,525595,32.02000046
1703566306,525776,31.56999969
1703566313,526134,29.32999992
1703566384,529495,31.11000061
1703566403,530372,31.55999947
1703566414,530899,32.43000031
1703566425,531431,27.86000061
1703566460,533068,30.05999947
1703566464,533245,30.62999916
1703566494,534679,29.60000038
1703566498,534863,29.10000038
1703566520,535931,31.70999908
1703566532,536461,30.32999992
1703566554,537526,31.52000046
1703566562,537895,29.36000061
1703566570,538265,28.87999916
1703566634,541298,30.42000008
1703566641,541645,30.89999962
1703566645,541828,29.39999962
1703566649,541997,29.60000038
1703566689,543925,31.22999954
1703566728,545736,26.72999954
1703566758,547143,30.03000069
1703566822,550147,31.05999947
1703566847,551350,31.57999992
1703566851,551527,29.61000061
1703566862,552052,29.12000084
1703566899,553790,27.64999962
1703566921,554838,30.26000023
1703566936,555545,31.01000023
1703566954,556416,30.44000053
1703566962,556782,29.69000053
1703566970,557149,28.29999924
1703566977,557503,30.42000008
1703566985,557860,29.45999908
1703566999,558554,30.63999939
1703567003,558718,31.52000046
1703567013,559226,33.02999878
1703567036,560269,34.25999832
1703567043,560606,34.25
1703567054,561152,32.25999832
1703567084,562550,29.69000053
1703567091,562896,28.63999939
1703567095,563074,29.09000015
1703567098,563243,31.37000084
1703567128,564652,33.08000183
1703567184,567287,32.61999893
1703567192,567655,29.23999977
1703567199,568007,30.48999977
1703567207,568354,31.34000015
1703567214,568698,33.16999817
1703567247,570278,28.81999969
1703567262,570970,32.18000031
1703567309,573194,32.86999893
1703567324,573884,31.72999954
1703567393,577155,35.20000076
1703567449,579805,35.20999908
1703567452,579977,34.75999832
1703567474,581005,34.22000122
1703567477,581167,34.34999847
1703567485,581517,34.61999893
1703567496,582035,31.25
1703567514,582883,35.65000153
1703567528,583563,32.50999832
1703567535,583919,29.53000069
1703567593,586662,34.68000031
1703567633,588531,34.27000046
1703567658,589726,33.13999939
1703567662,589900,31.29000092
1703567688,591110,32.97999954
1703567699,591627,33.66999817
1703567786,595765,30.27000046
1703567797,596287,32.02000046
1703567822,597476,35.02999878
1703567833,597997,32.31000137
1703567837,598173,31.62999916
1703567844,598528,28.65999985
1703567848,598689,30.18000031
1703567873,599905,29.81999969
1703567921,602175,34.41999817
1703567939,603033,36.40999985
1703567972,604585,31.89999962
1703567979,604927,34.47000122
1703567987,605265,34.56000137
1703568013,606486,32.22999954
1703568060,608738,32.18999863
1703568068,609083,34.25999832
1703568089,610123,33.84999847
1703568119,611541,28.79000092
1703568142,612598,30.78000069
1703568145,612777,30.75
1703568164,613651,33.54000092
1703568182,614519,31.19000053
1703568208,615740,33.22999954
1703568237,617112,30.20999908
1703568252,617816,32.63999939
1703568267,618547,27.31999969
1703568316,620836,30.51000023
1703568323,621189,31.62999916
1703568331,621561,28.86000061
1703568342,622079,29.18000031
1703568360,622963,28.89999962
1703568424,625960,28.22999954
1703568443,626849,31.82999992
1703568510,630033,33.31000137
1703568525,630727,29.72999954
1703568536,631243,29.73999977
1703568554,632103,31.22999954
1703568579,633320,33.20000076
1703568595,634032,30.92000008
1703568602,634385,28.51000023
1703568625,635458,31.95999908
1703568628,635635,31.40999985
1703568651,636703,32.13999939
1703568677,637957,29.01000023
1703568700,639020,30.79999924
1703568711,639552,29.03000069
1703568733,640608,29.13999939
1703568775,642570,33.16999817
1703568782,642917,33.77000046
1703568821,644718,30.21999931
1703568832,645259,30.75
1703568840,645623,30.30999947
1703568859,646519,27.05999947
1703568919,649367,27.79999924
1703568926,649726,28.45000076
1703568945,650606,31.37999916
1703568949,650786,30.95999908
1703568964,651504,28.93000031
1703568971,651854,32.81999969
1703568998,653111,29.18000031
1703569024,654372,31.13999939
1703569069,656510,33.77000046
1703569089,657426,26.21999931
1703569134,659570,27.78000069
1703569138,659745,28.14999962
1703569160,660822,30.06999969
1703569164,660996,30.61000061
1703569217,663466,30.12000084
1703569232,664179,27.61000061
1703569239,664532,27.29999924
1703569247,664884,26.87000084
1703569258,665406,28.86000061
1703569269,665935,29.02000046
1703569303,667528,28.79000092
1703569325,668572,31.32999992
1703569333,668936,30.68000031
1703569374,670870,29.30999947
1703569377,671047,30.32999992
1703569399,672082,32.25999832
1703569425,673333,27.09000015
1703569515,677569,31.10000038
1703569537,678617,29.84000015
1703569544,678958,28.95000076
1703569622,682649,32.59999847
1703569633,683180,36.29000092
1703569649,683909,27.79999924
1703569652,684080,27.90999985
1703569656,684257,27.70999908
1703569678,685316,33.34000015
1703569690,685847,29.79999924
1703569698,686212,27.53000069
1703569731,687803,35.18000031
1703569757,689022,32.50999832
1703569775,689873,35.13999939
1703569804,691274,30.79999924
1703569820,691992,31.72999954
1703569835,692705,28.81999969
1703569883,694993,31.78000069
1703569891,695360,28.63999939
1703569902,695887,27.30999947
1703569946,697973,32.54000092
1703569961,698674,32.75
1703569979,699556,30.17000008
1703569987,699908,31.59000015
1703570024,701672,32.52999878
1703570031,702018,31.47999954
1703570039,702371,28.13999939
1703570088,704714,28.98999977
1703570148,707514,32.68000031
1703570166,708382,32.27999878
1703570192,709618,30.70999908
1703570285,714032,33.49000168
1703570289,714209,31.88999939
1703570293,714380,32.83000183
1703570318,715607,34.66999817
1703570356,717388,32.50999832
1703570386,718793,36.43999863
1703570408,719836,34.36000061
1703570411,720008,35.29000092
1703570426,720692,37.95000076
1703570466,722579,33.20000076
1703570487,723598,34.36000061
1703570510,724649,32.95999908
1703570521,725182,34.18999863
1703570577,727827,34.68999863
1703570592,728525,33.13999939
1703570617,729736,35.58000183
1703570632,730421,35.31000137
1703570650,731299,33.74000168
1703570669,732173,33.91999817
1703570683,732856,32.33000183
1703570687,733029,32.77000046
1703570727,734939,33.72000122
1703570731,735098,33.86999893
1703570770,736960,35.18000031
1703570777,737307,35.66999817
1703570781,737478,34.81999969
1703570807,738690,30.75
1703570814,739048,31.37000084
1703570818,739217,33.63999939
1703570821,739391,31.82999992
1703570825,739569,30.87999916
1703570848,740637,30.14999962
1703570928,744381,36.06999969
1703570989,747294,31.62000084
1703571007,748163,32.25
1703571011,748332,32.18999863
1703571018,748671,31.69000053
1703571047,750035,34.43000031
1703571091,752103,28.19000053
1703571260,760092,31.70999908
1703571278,760952,32.06000137
1703571311,762504,33.45000076
1703571314,762677,34
1703571356,764626,27.54999924
1703571359,764802,27.76000023
1703571367,765143,27.97999954
1703571374,765482,30.02000046
1703571385,766008,31.92000008
1703571388,766185,30.06999969
1703571396,766526,33.25
1703571480,770515,30.35000038
1703571498,771376,34.47000122
1703571509,771894,34.31999969
1703571520,772407,33.59999847
1703571538,773271,31.67000008
1703571577,775114,37.59999847
1703571610,776665,32.75999832
1703571621,777184,31.72999954
1703571625,777361,31.12000084
1703571658,778921,33.56000137
1703571680,779953,33.58000183
1703571738,782706,30.57999992
1703571759,783727,34.11999893
1703571774,784425,32.65999985
1703571785,784933,34.86000061
1703571807,785971,30.06999969
1703571814,786326,29.96999931
1703571847,787889,31.98999977
1703571862,788587,33.08000183
1703571883,789606,35.68999863
1703571902,790467,36.40999985
1703571923,791474,33.97999954
1703571956,793030,35.63000107
1703571982,794259,29.70000076
1703571997,794958,29.15999985
1703572029,796510,35.04999924
1703572085,799131,35.47000122
1703572111,800346,31.15999985
1703572122,800864,32.97999954
1703572129,801217,32.09999847
1703572133,801394,32.47000122
1703572148,802098,34.56000137
1703572152,802279,35.18999863
1703572199,804552,32.22000122
1703572222,805595,32.43000031
1703572225,805765,33.81999969
1703572232,806110,33.68000031
1703572254,807151,34.34000015
1703572265,807669,32.11000061
1703572288,808729,31.93000031
1703572302,809407,34.15999985
1703572328,810624,33.56000137
1703572364,812335,32.33000183
1703572386,813394,32.68000031
1703572401,814090,30.01000023
1703572412,814619,32.20000076
1703572442,816022,35.77000046
1703572449,816375,32.27999878
1703572497,818613,33.34999847
1703572512,819327,33.31999969
1703572516,819497,33.25999832
1703572586,822842,28.26000023
1703572590,823030,26.97999954
1703572602,823580,26.62000084
1703572628,824834,31.61000061
1703572636,825196,29.02000046
1703572667,826650,29.67000008
1703572674,827014,29.63999939
1703572678,827193,29.54999924
1703572728,829556,30.95000076
1703572736,829926,29.62999916
1703572740,830110,29.62999916
1703572774,831743,29.56999969
1703572786,832305,26.54000092
1703572828,834279,30.70000076
1703572839,834828,30.18000031
1703572847,835195,29.62000084
1703572855,835564,27.94000053
1703572902,837773,29.20999908
1703572967,840860,27.86000061
1703572986,841765,29.70000076
1703573025,843575,26.45999908
1703573050,844671,27.56999969
1703573078,845920,31.90999985
1703573102,846988,31.28000069
1703573111,847353,32.77999878
1703573128,848096,27.54999924
1703573158,849354,30.71999931
1703573162,849533,30.20000076
1703573166,849718,30.43000031
1703573209,851518,31.39999962
1703573294,855231,26.96999931
1703573315,856142,28.22999954
1703573336,857067,23.64999962
1703573362,858153,27.11000061
1703573403,859939,30.03000069
1703573423,860837,28.06999969
1703573450,861941,25.39999962
1703573468,862670,24.10000038
1703573471,862847,26.12000084
1703573506,864298,28.92000008
1703573520,864840,28.53000069
1703573524,865018,30.47999954
1703573532,865372,32.33000183
1703573544,865885,35.13999939
1703573548,866059,35.75999832
1703573552,866245,34.24000168
1703573574,867143,28.09000015
1703573583,867506,32.09999847
1703573596,868028,31.63999939
1703573600,868210,32.09999847
1703573604,868387,30.48999977
1703573608,868571,28.55999947
1703573616,868929,29
1703573629,869457,29.65999985
1703573633,869637,28.62000084
1703573659,870725,29.23999977
1703573682,871811,28.79000092
1703573690,872176,25.47999954
1703573704,872713,27.87999916
1703573750,874794,33.09999847
1703573781,876195,33.36000061
1703573784,876366,32.31000137
1703573788,876541,33.75999832
1703573811,877604,30.21999931
1703573839,878858,29.29000092
1703573860,879757,30.70000076
1703573889,880978,31.47999954
1703573939,883235,31.45000076
1703573964,884267,34.15999985
1703573972,884619,33.16999817
1703573984,885151,32.84999847
1703574014,886383,29.76000023
1703574037,887425,33.59000015
1703574048,887943,31.20000076
1703574056,888282,34.34000015
1703574060,888449,35.16999817
1703574137,891719,31.26000023
1703574141,891889,33.20999908
1703574174,893279,30.70000076
1703574222,895358,34.13999939
1703574235,895873,33.91999817
1703574247,896381,36.52999878
1703574299,898627,34.43999863
1703574330,900019,35.49000168
1703574362,901383,33.25
1703574366,901544,34.63000107
1703574378,902059,33.93999863
1703574388,902395,35.36000061
1703574392,902560,36.25
1703574447,904953,34.86999893
1703574479,906340,34.50999832
1703574540,908915,33.90000153
1703574567,910094,35.47000122
1703574590,911155,31.85000038
1703574604,911673,31.26000023
1703574608,911843,34.86000061
1703574634,912891,36.34000015
1703574686,915142,30.89999962
1703574694,915499,29.34000015
1703574699,915678,31.11000061
1703574703,915856,29.92000008
1703574728,916865,36.86999893
1703574746,917713,37.00999832
1703574800,919961,32.31999969
1703574868,922675,36.63000107
1703574897,923899,30.28000069
1703574920,924790,29.54000092
1703574924,924967,29.43000031
1703574950,926001,33.04000092
1703574988,927579,32.56000137
1703575000,928102,33.09999847
1703575004,928282,33.09000015
1703575013,928639,30.20000076
1703575038,929686,34.13999939
1703575042,929855,35.27000046
1703575050,930200,32.59999847
1703575069,931070,33.40999985
1703575080,931589,31.21999931
1703575139,934130,35.72999954
1703575157,934992,36.15000153
1703575180,936033,32.95999908
1703575209,937213,35.00999832
1703575224,937899,34.70999908
1703575236,938421,37.38000107
1703575296,941027,35.54000092
1703575330,942435,31.76000023
1703575346,943126,32.47000122
1703575351,943296,32.95999908
1703575429,946444,30.90999985
1703575441,946967,31.79000092
1703575445,947147,31.92000008
1703575454,947495,32.90000153
1703575463,947850,32.86000061
1703575467,948026,34.18000031
1703575482,948723,34.11999893
1703575485,948891,34.63999939
1703575528,950815,28.72999954
1703575552,951868,33.95000076
1703575567,952561,33.45999908
1703575657,956522,34.77000046
1703575712,958831,29.98999977
1703575743,960244,31.95999908
1703575763,961131,32.50999832
1703575767,961310,31.05999947
1703575775,961665,31.04999924
1703575780,961847,29.5
1703575820,963596,32.79999924
1703575824,963767,34.00999832
1703575886,966420,30.07999992
1703575899,966969,27.52000046
1703575941,968921,29.96999931
1703575945,969093,30.45999908
1703575952,969454,28.84000015
1703575956,969634,28.55999947
1703575995,971408,29.5
1703576024,972611,32.43000031
1703576040,973318,33.24000168
1703576057,974032,32.72000122
1703576093,975606,35.31999969
1703576113,976457,34.97999954
1703576122,976809,32.25999832
1703576129,977151,33.56000137
1703576163,978705,35.27000046
1703576182,979589,34.04000092
1703576203,980443,36.66999817
1703576254,982812,36.36999893
1703576258,982987,35.38000107
1703576265,983325,36.86000061
1703576283,984192,32.81000137
1703576319,985752,34.65999985
1703576345,986775,34.47000122
1703576396,989017,34.63000107
1703576432,990570,35.16999817
1703576440,990913,34.31999969
1703576455,991615,32.68000031
1703576459,991788,32.75
1703576476,992505,28.79000092
1703576501,993547,37.83000183
1703576525,994578,34.09000015
1703576546,995454,31.95999908
1703576554,995804,32.95999908
1703576558,995983,33.66999817
1703576566,996327,32.81000137
1703576610,998234,34.90999985
1703576625,998936,31.79000092
1703576651,999998,31.95999908
